<keymap version="1" name="Default copy" parent="$default">
  <action id="$Redo">
    <keyboard-shortcut first-keystroke="shift ctrl z" />
    <keyboard-shortcut first-keystroke="shift alt back_space" />
    <keyboard-shortcut first-keystroke="ctrl y" />
  </action>
  <action id="ChangesView.Diff" />
  <action id="ClassTemplateNavigation" />
  <action id="CompareTwoFiles" />
  <action id="Console.TableResult.CloneRow" />
  <action id="Console.TableResult.NextPage" />
  <action id="DatabaseView.CopyAction" />
  <action id="Diff.ShowDiff" />
  <action id="Editor Redo">
    <keyboard-shortcut first-keystroke="ctrl y" />
  </action>
  <action id="EditorDeleteLine">
    <keyboard-shortcut first-keystroke="ctrl d" />
  </action>
  <action id="EditorDuplicate">
    <keyboard-shortcut first-keystroke="ctrl alt down" />
  </action>
  <action id="EditorMoveUpAndScrollWithSelection">
    <keyboard-shortcut first-keystroke="shift ctrl q" />
  </action>
  <action id="FileChooser.GotoDesktop" />
  <action id="FindUsages">
    <keyboard-shortcut first-keystroke="shift ctrl g" />
  </action>
  <action id="GoToClass" />
  <action id="NextOccurence" />
  <action id="RunDashboard.CopyConfiguration" />
  <action id="SendEOF" />
  <action id="openAssertEqualsDiff" />
</keymap>